"con","INTRINSIC_LCH","INTRINSIC_LIN","INTRINSIC_PATH","LCH","PATH","WUPALMER","PAGERANK"
"MiniMayoSRS_Physicians",0.524054305714086,0.598499137815261,0.551366186519886,0.614005936569536,0.614005936569536,0.64802749691911,0.0939767963974218
"MiniMayoSRS_Coders",0.430795937310692,0.528244932272532,0.480403296595833,0.538498084926212,0.538498084926212,0.566258159119391,0.0319368220035523
"MiniMayoSRS_Combined",0.494442665529698,0.583730985664238,0.522154877916672,0.596711938630628,0.596711938630628,0.631082591876158,0.0502280149556311
