"","all","common","unsup"
"INTRINSIC_LCH",0.579713783580216,0.52990264255911,0.542114695340502
"PATH",0.567662565905097,0.517385257301808,0.487455197132616
"INTRINSIC_PATH",0.566658297765503,0.422809457579972,0.478494623655914
"SOKAL",0.554356013055486,0.424200278164117,0.512544802867383
"LCH",0.551845342706503,0.485396383866481,0.46326164874552
"JACCARD",0.545317599799146,0.418636995827538,0.508960573476703
"INTRINSIC_LIN",0.532262113984434,0.414464534075104,0.494623655913978
