"","all","common","unsup"
"INTRINSIC_LCH",0.589003263871454,0.456189151599444,0.478494623655914
"PATH",0.575696711021843,0.659248956884562,0.531362007168459
"INTRINSIC_PATH",0.575445643986945,0.557719054242003,0.559139784946237
"LCH",0.564649761486317,0.655076495132128,0.527777777777778
"SOKAL",0.547828270148130,0.541029207232267,0.566308243727599
"JACCARD",0.539291990961587,0.542420027816412,0.564516129032258
"INTRINSIC_LIN",0.529249309565654,0.549374130737135,0.563620071684588
