"con","INTRINSIC_LCH","INTRINSIC_LIN","INTRINSIC_PATH","LCH","PATH","WUPALMER","PAGERANK-ppr","PAGERANK-ppr-hier"
"MiniMayoSRS_Physicians",0.512930032896669,0.596684484827948,0.540143183861692,0.588188792132604,0.588188792132604,0.639817512121218,0.0539600282505441,0.712009492231235
"MiniMayoSRS_Coders",0.401869708951892,0.524899211660947,0.450281247221397,0.509356148085732,0.509356148085732,0.56155319502132,0.0198885371040753,0.561868740550337
"MiniMayoSRS_Combined",0.477031645215921,0.581614101508063,0.504487367246816,0.568429836678241,0.568429836678241,0.622238336826818,0.025514995380598,0.652393974697574
