"","all","common","unsup"
"INTRINSIC_LCH",0.574943509917148,0.521557719054242,0.534050179211470
"INTRINSIC_PATH",0.574441375847351,0.435326842837274,0.482974910394265
"PATH",0.567913632939995,0.520166898470097,0.490143369175627
"SOKAL",0.551845342706503,0.429763560500695,0.50089605734767
"LCH",0.54933467235752,0.489568845618915,0.46415770609319
"JACCARD",0.544062264624655,0.417246175243394,0.493727598566308
"INTRINSIC_LIN",0.534019583228722,0.418636995827538,0.488351254480287
